[
  {
    "name": "Watermark",
    "keybind": {
      "name": "Keybind",
      "value": -1
    },
    "enabled": true,
    "hidden": false,
    "properties": [
      {
        "name": "Mode",
        "value": "CHARCOLOR"
      }
    ]
  },
  {
    "name": "Module List",
    "keybind": {
      "name": "Keybind",
      "value": -1
    },
    "enabled": true,
    "hidden": false,
    "properties": [
      {
        "name": "Position",
        "value": {
          "x": 1.0026042,
          "y": -0.004243001
        }
      },
      {
        "name": "Design",
        "value": "OUTLINE"
      },
      {
        "name": "Animations",
        "value": {
          "horizontal": {
            "name": "Horizontal",
            "value": true
          },
          "offset": {
            "name": "Offset",
            "value": true
          },
          "vertical": {
            "name": "Vertical",
            "value": false
          },
          "opacity": {
            "name": "Opacity",
            "value": true
          }
        }
      },
      {
        "name": "Show Modules By",
        "value": "CATEGORY"
      },
      {
        "name": "Hidden Categories",
        "value": {
          "other": {
            "name": "Other",
            "value": false
          },
          "world": {
            "name": "World",
            "value": false
          },
          "visual": {
            "name": "Visual",
            "value": false
          },
          "combat": {
            "name": "Combat",
            "value": false
          },
          "exploit": {
            "name": "Exploit",
            "value": false
          },
          "movement": {
            "name": "Movement",
            "value": false
          },
          "player": {
            "name": "Player",
            "value": false
          }
        }
      },
      {
        "name": "Text Case",
        "value": "NORMAL"
      },
      {
        "name": "Text Shadow",
        "value": true
      },
      {
        "name": "Background",
        "value": true
      },
      {
        "name": "Background Color",
        "value": "BLACK"
      },
      {
        "name": "Background Opacity",
        "value": 80.0
      },
      {
        "name": "Suffixes",
        "value": true
      },
      {
        "name": "Scale Factor",
        "value": 0.8
      },
      {
        "name": "Spacing",
        "value": 12.0
      },
      {
        "name": "Gradient Speed",
        "value": 15.0
      },
      {
        "name": "Gradient Index",
        "value": 20.0
      }
    ]
  },
  {
    "name": "Scaffold",
    "keybind": {
      "name": "Keybind",
      "value": 71
    },
    "enabled": false,
    "hidden": false,
    "properties": [
      {
        "name": "Tower Mode",
        "value": "WATCHDOG"
      },
      {
        "name": "Switch Mode",
        "value": "SERVER"
      },
      {
        "name": "Rotation Mode",
        "value": "VANILLA"
      },
      {
        "name": "Swing Mode",
        "value": "CLIENT"
      },
      {
        "name": "Sprint Mode",
        "value": "WATCHDOGJUMP"
      },
      {
        "name": "Addons",
        "value": {
          "safe walk": {
            "name": "Safe Walk",
            "value": false
          },
          "ray cast": {
            "name": "Ray Cast",
            "value": false
          },
          "disable on world change": {
            "name": "Disable on World Change",
            "value": true
          }
        }
      },
      {
        "name": "Search Range",
        "value": 3.0
      },
      {
        "name": "Placements Per Tick",
        "value": 10.0
      },
      {
        "name": "Rotate",
        "value": true
      },
      {
        "name": "Yaw Step",
        "value": 360.0
      },
      {
        "name": "Pitch Step",
        "value": 180.0
      },
      {
        "name": "Limit rotation updates",
        "value": true
      },
      {
        "name": "Snap Rotations",
        "value": false
      },
      {
        "name": "Allow Sprinting",
        "value": true
      },
      {
        "name": "Display Count",
        "value": true
      },
      {
        "name": "Keep Y",
        "value": true
      },
      {
        "name": "Auto Jump",
        "value": false
      },
      {
        "name": "Tower",
        "value": true
      },
      {
        "name": "Slow Down",
        "value": 0.0
      },
      {
        "name": "Use Less Blocks",
        "value": false
      }
    ]
  },
  {
    "name": "Click GUI",
    "keybind": {
      "name": "Keybind",
      "value": 344
    },
    "enabled": false,
    "hidden": false,
    "properties": [
      {
        "name": "Allow Movement",
        "value": true
      },
      {
        "name": "Text Shadow",
        "value": false
      },
      {
        "name": "Scale Factor",
        "value": 1.0
      },
      {
        "name": "Scroll Mode",
        "value": "SCREEN_HEIGHT"
      },
      {
        "name": "Tab Height",
        "value": 250.0
      }
    ]
  },
  {
    "name": "Full Bright",
    "keybind": {
      "name": "Keybind",
      "value": -1
    },
    "enabled": false,
    "hidden": false,
    "properties": []
  },
  {
    "name": "Flight",
    "keybind": {
      "name": "Keybind",
      "value": 86
    },
    "enabled": false,
    "hidden": false,
    "properties": [
      {
        "name": "Mode",
        "value": "FIREBALL"
      },
      {
        "name": "Horizontal Speed",
        "value": 1.0
      },
      {
        "name": "Vertical Speed",
        "value": 1.9
      },
      {
        "name": "Horizontal Speed",
        "value": 1.0
      },
      {
        "name": "Vertical Speed",
        "value": 1.9
      }
    ]
  },
  {
    "name": "Kill Aura",
    "keybind": {
      "name": "Keybind",
      "value": 82
    },
    "enabled": false,
    "hidden": false,
    "properties": [
      {
        "name": "Sort Mode",
        "value": "HURT_TIME"
      },
      {
        "name": "Block Mode",
        "value": "WATCHDOG"
      },
      {
        "name": "Targets",
        "value": {
          "mobs": {
            "name": "Mobs",
            "value": true
          },
          "teams": {
            "name": "Teams",
            "value": false
          },
          "invisibles": {
            "name": "Invisibles",
            "value": true
          },
          "players": {
            "name": "Players",
            "value": true
          },
          "animals": {
            "name": "Animals",
            "value": true
          }
        }
      },
      {
        "name": "Addons",
        "value": {
          "ray cast": {
            "name": "Ray Cast",
            "value": false
          },
          "disable on world change": {
            "name": "Disable on World Change",
            "value": true
          }
        }
      },
      {
        "name": "ESP",
        "value": {
          "ring": {
            "name": "Ring",
            "value": false
          },
          "box": {
            "name": "Box",
            "value": true
          }
        }
      },
      {
        "name": "Particles",
        "value": {
          "critical": {
            "name": "Critical",
            "value": true
          },
          "sharpness": {
            "name": "Sharpness",
            "value": true
          }
        }
      },
      {
        "name": "Search Range",
        "value": 6.0
      },
      {
        "name": "Attack Range",
        "value": 3.1
      },
      {
        "name": "Rotate Range",
        "value": 6.0
      },
      {
        "name": "Block Range",
        "value": 6.0
      },
      {
        "name": "Minimum CPS",
        "value": 13.0
      },
      {
        "name": "Maximum CPS",
        "value": 15.0
      },
      {
        "name": "Reverse Swing",
        "value": false
      },
      {
        "name": "Miss Chance",
        "value": 0.0
      },
      {
        "name": "Rotate",
        "value": true
      },
      {
        "name": "Yaw Step",
        "value": 360.0
      },
      {
        "name": "Pitch Step",
        "value": 180.0
      },
      {
        "name": "Weapons Only",
        "value": false
      },
      {
        "name": "Auto Block",
        "value": true
      }
    ]
  },
  {
    "name": "Speed",
    "keybind": {
      "name": "Keybind",
      "value": 66
    },
    "enabled": false,
    "hidden": false,
    "properties": [
      {
        "name": "Mode",
        "value": "WATCHDOG"
      },
      {
        "name": "Disable on lagback",
        "value": true
      },
      {
        "name": "Disable on World Change",
        "value": true
      },
      {
        "name": "Disable Time",
        "value": 1.5
      },
      {
        "name": "Fast Stop",
        "value": true
      },
      {
        "name": "Speed",
        "value": 0.5
      },
      {
        "name": "Damage Strafe Amount",
        "value": 0.0
      },
      {
        "name": "Fast Fall",
        "value": true
      },
      {
        "name": "Damage Strafe",
        "value": false
      },
      {
        "name": "Strafe",
        "value": false
      },
      {
        "name": "Maximize Speed",
        "value": true
      },
      {
        "name": "Low Hop",
        "value": true
      }
    ]
  },
  {
    "name": "Sprint",
    "keybind": {
      "name": "Keybind",
      "value": -1
    },
    "enabled": true,
    "hidden": false,
    "properties": [
      {
        "name": "Omni",
        "value": false
      },
      {
        "name": "Strict",
        "value": true
      }
    ]
  },
  {
    "name": "Velocity",
    "keybind": {
      "name": "Keybind",
      "value": -1
    },
    "enabled": true,
    "hidden": false,
    "properties": [
      {
        "name": "Mode",
        "value": "WATCHDOG"
      },
      {
        "name": "Horizontal",
        "value": 0.0
      },
      {
        "name": "Vertical",
        "value": 100.0
      },
      {
        "name": "Exempted Modules",
        "value": {
          "flight": {
            "name": "Flight",
            "value": true
          },
          "breaker": {
            "name": "Breaker",
            "value": true
          },
          "long jump": {
            "name": "Long Jump",
            "value": true
          },
          "scaffold": {
            "name": "Scaffold",
            "value": true
          },
          "high jump": {
            "name": "High Jump",
            "value": true
          }
        }
      }
    ]
  },
  {
    "name": "Long Jump",
    "keybind": {
      "name": "Keybind",
      "value": 72
    },
    "enabled": false,
    "hidden": false,
    "properties": [
      {
        "name": "Mode",
        "value": "FIREBALL"
      },
      {
        "name": "Boost Amount",
        "value": 4.0
      },
      {
        "name": "Glide Amount",
        "value": 0.0
      }
    ]
  },
  {
    "name": "Keep Sprint",
    "keybind": {
      "name": "Keybind",
      "value": -1
    },
    "enabled": true,
    "hidden": false,
    "properties": []
  },
  {
    "name": "Disabler",
    "keybind": {
      "name": "Keybind",
      "value": -1
    },
    "enabled": true,
    "hidden": false,
    "properties": [
      {
        "name": "Mode",
        "value": "WATCHDOG"
      },
      {
        "name": "Inventory Move",
        "value": true
      },
      {
        "name": "Motion",
        "value": true
      }
    ]
  },
  {
    "name": "ESP",
    "keybind": {
      "name": "Keybind",
      "value": -1
    },
    "enabled": true,
    "hidden": false,
    "properties": [
      {
        "name": "Glow",
        "value": false
      },
      {
        "name": "2D Box",
        "value": true
      },
      {
        "name": "Health Bar",
        "value": true
      },
      {
        "name": "Box Color",
        "value": "GRADIENT"
      },
      {
        "name": "Box Outline",
        "value": true
      },
      {
        "name": "Name Tags",
        "value": true
      },
      {
        "name": "Name Tags Addons",
        "value": {
          "distance": {
            "name": "Distance",
            "value": false
          },
          "background": {
            "name": "Background",
            "value": true
          },
          "health": {
            "name": "Health",
            "value": true
          },
          "equipment": {
            "name": "Equipment",
            "value": false
          },
          "rounded corners": {
            "name": "Rounded Corners",
            "value": false
          }
        }
      },
      {
        "name": "Name Tags Size",
        "value": 4.300000064074993
      },
      {
        "name": "Box Opacity",
        "value": 70.0
      },
      {
        "name": "Health Bar Opacity",
        "value": 70.0
      },
      {
        "name": "Name Tag Opacity",
        "value": 70.0
      },
      {
        "name": "Health Bar Outline",
        "value": true
      }
    ]
  },
  {
    "name": "Anti Void",
    "keybind": {
      "name": "Keybind",
      "value": -1
    },
    "enabled": false,
    "hidden": false,
    "properties": [
      {
        "name": "Fall Distance",
        "value": 3.0
      }
    ]
  },
  {
    "name": "Chest Stealer",
    "keybind": {
      "name": "Keybind",
      "value": -1
    },
    "enabled": false,
    "hidden": false,
    "properties": [
      {
        "name": "Smart",
        "value": true
      },
      {
        "name": "Move Mode",
        "value": "QUICK_MOVE"
      },
      {
        "name": "Delay",
        "value": 50.0
      }
    ]
  },
  {
    "name": "Criticals",
    "keybind": {
      "name": "Keybind",
      "value": -1
    },
    "enabled": false,
    "hidden": false,
    "properties": []
  },
  {
    "name": "HUD",
    "keybind": {
      "name": "Keybind",
      "value": -1
    },
    "enabled": true,
    "hidden": false,
    "properties": [
      {
        "name": "Elements",
        "value": {
          "bps": {
            "name": "BPS",
            "value": true
          },
          "fps": {
            "name": "FPS",
            "value": true
          },
          "xyz": {
            "name": "XYZ",
            "value": true
          },
          "release info": {
            "name": "Release Info",
            "value": true
          },
          "potion effects": {
            "name": "Potion Effects",
            "value": true
          }
        }
      },
      {
        "name": "Font",
        "value": "PRODUCT_SANS"
      },
      {
        "name": "Bold Font",
        "value": false
      },
      {
        "name": "Client Color 1",
        "value": -643841
      },
      {
        "name": "Client Color 2",
        "value": -11665363
      }
    ]
  },
  {
    "name": "Animations",
    "keybind": {
      "name": "Keybind",
      "value": -1
    },
    "enabled": true,
    "hidden": false,
    "properties": [
      {
        "name": "Sword Blocking",
        "value": true
      },
      {
        "name": "Old Cooldown",
        "value": true
      },
      {
        "name": "Old Punching",
        "value": true
      },
      {
        "name": "Old Bow/Rod",
        "value": true
      },
      {
        "name": "Old Eating",
        "value": true
      },
      {
        "name": "Old Armor Damage",
        "value": true
      },
      {
        "name": "Old Sneaking",
        "value": true
      },
      {
        "name": "Remove Throw Swing",
        "value": true
      },
      {
        "name": "Sneak Height",
        "value": "PRE_V1_9"
      },
      {
        "name": "Fix Double Sneak",
        "value": true
      },
      {
        "name": "Always Hide Shield",
        "value": true
      },
      {
        "name": "Equip Offset",
        "value": false
      },
      {
        "name": "Swing Slowdown",
        "value": 1.0
      },
      {
        "name": "Block Animation",
        "value": "STELLA"
      },
      {
        "name": "Hand",
        "value": "MAIN"
      },
      {
        "name": "Main Scale",
        "value": -0.7
      },
      {
        "name": "Main X",
        "value": 0.7
      },
      {
        "name": "Main Y",
        "value": -0.2
      },
      {
        "name": "Main Pos Rot X",
        "value": 0.0
      },
      {
        "name": "Main Pos Rot Y",
        "value": 0.0
      },
      {
        "name": "Main Pos Rot Z",
        "value": 0.0
      },
      {
        "name": "Off Scale",
        "value": 0.0
      },
      {
        "name": "Off X",
        "value": 0.0
      },
      {
        "name": "Off Y",
        "value": 0.0
      },
      {
        "name": "Off Pos Rot X",
        "value": 0.0
      },
      {
        "name": "Off Pos Rot Y",
        "value": 0.0
      },
      {
        "name": "Off Pos Rot Z",
        "value": 0.0
      }
    ]
  },
  {
    "name": "No Slow",
    "keybind": {
      "name": "Keybind",
      "value": -1
    },
    "enabled": false,
    "hidden": false,
    "properties": [
      {
        "name": "Mode",
        "value": "WATCHDOG"
      },
      {
        "name": "Food",
        "value": true
      },
      {
        "name": "Potions",
        "value": true
      },
      {
        "name": "Sword",
        "value": false
      },
      {
        "name": "Bow",
        "value": true
      }
    ]
  },
  {
    "name": "Breaker",
    "keybind": {
      "name": "Keybind",
      "value": -1
    },
    "enabled": true,
    "hidden": false,
    "properties": [
      {
        "name": "Switch Mode",
        "value": "SERVER"
      },
      {
        "name": "Swing Mode",
        "value": "CLIENT"
      },
      {
        "name": "Visuals",
        "value": {
          "esp": {
            "name": "ESP",
            "value": true
          },
          "text": {
            "name": "Text",
            "value": true
          }
        }
      },
      {
        "name": "Range",
        "value": 4.0
      },
      {
        "name": "When To Finish",
        "value": 80.0
      },
      {
        "name": "Rotate",
        "value": true
      },
      {
        "name": "When To Rotate",
        "value": 80.0
      },
      {
        "name": "Yaw Step",
        "value": 360.0
      },
      {
        "name": "Pitch Step",
        "value": 180.0
      },
      {
        "name": "Break cooldown",
        "value": 2.0
      },
      {
        "name": "Surroundings",
        "value": true
      },
      {
        "name": "Ignore Ground State",
        "value": false
      },
      {
        "name": "Spoof Ground State",
        "value": false
      },
      {
        "name": "Team Check",
        "value": true
      }
    ]
  },
  {
    "name": "Glide",
    "keybind": {
      "name": "Keybind",
      "value": -1
    },
    "enabled": false,
    "hidden": false,
    "properties": [
      {
        "name": "Mode",
        "value": "VERUS"
      }
    ]
  },
  {
    "name": "Jesus",
    "keybind": {
      "name": "Keybind",
      "value": -1
    },
    "enabled": false,
    "hidden": false,
    "properties": []
  },
  {
    "name": "No Fall",
    "keybind": {
      "name": "Keybind",
      "value": -1
    },
    "enabled": true,
    "hidden": false,
    "properties": [
      {
        "name": "Mode",
        "value": "WATCHDOG"
      },
      {
        "name": "Allow Over Void With",
        "value": {
          "flight": {
            "name": "Flight",
            "value": false
          },
          "long jump": {
            "name": "Long Jump",
            "value": false
          },
          "high jump": {
            "name": "High Jump",
            "value": false
          }
        }
      },
      {
        "name": "Offset",
        "value": false
      }
    ]
  },
  {
    "name": "Step",
    "keybind": {
      "name": "Keybind",
      "value": -1
    },
    "enabled": false,
    "hidden": false,
    "properties": [
      {
        "name": "Mode",
        "value": "WATCHDOG"
      },
      {
        "name": "Height",
        "value": 1.0
      }
    ]
  },
  {
    "name": "Spider",
    "keybind": {
      "name": "Keybind",
      "value": -1
    },
    "enabled": false,
    "hidden": false,
    "properties": []
  },
  {
    "name": "Insult",
    "keybind": {
      "name": "Keybind",
      "value": -1
    },
    "enabled": false,
    "hidden": false,
    "properties": [
      {
        "name": "Shout",
        "value": false
      }
    ]
  },
  {
    "name": "Fake Hand",
    "keybind": {
      "name": "Keybind",
      "value": -1
    },
    "enabled": false,
    "hidden": false,
    "properties": []
  },
  {
    "name": "Inventory Move",
    "keybind": {
      "name": "Keybind",
      "value": -1
    },
    "enabled": true,
    "hidden": false,
    "properties": [
      {
        "name": "Sneak",
        "value": false
      },
      {
        "name": "Only In Player Inv",
        "value": false
      }
    ]
  },
  {
    "name": "Anti Cheat",
    "keybind": {
      "name": "Keybind",
      "value": -1
    },
    "enabled": false,
    "hidden": false,
    "properties": []
  },
  {
    "name": "Inventory Manager",
    "keybind": {
      "name": "Keybind",
      "value": -1
    },
    "enabled": false,
    "hidden": false,
    "properties": [
      {
        "name": "Slots",
        "value": {
          "weapon": {
            "name": "Weapon",
            "value": true
          },
          "ender pearls": {
            "name": "Ender Pearls",
            "value": true
          },
          "pickaxe": {
            "name": "Pickaxe",
            "value": true
          },
          "blocks": {
            "name": "Blocks",
            "value": true
          },
          "golden apples": {
            "name": "Golden Apples",
            "value": true
          },
          "bow": {
            "name": "Bow",
            "value": true
          },
          "good potions": {
            "name": "Good Potions",
            "value": true
          },
          "axe": {
            "name": "Axe",
            "value": true
          }
        }
      },
      {
        "name": "Delay",
        "value": 50.0
      },
      {
        "name": "Weapon Slot",
        "value": 1.0
      },
      {
        "name": "Pickaxe Slot",
        "value": 2.0
      },
      {
        "name": "Block Slot",
        "value": 4.0
      },
      {
        "name": "Axe Slot",
        "value": 3.0
      },
      {
        "name": "Bow Slot",
        "value": 5.0
      },
      {
        "name": "Good Potion Slot",
        "value": 6.0
      },
      {
        "name": "Golden Apple Slot",
        "value": 7.0
      },
      {
        "name": "Ender Pearl Slot",
        "value": 8.0
      },
      {
        "name": "Keep Tools",
        "value": true
      },
      {
        "name": "Silent",
        "value": true
      }
    ]
  },
  {
    "name": "Party Spam",
    "keybind": {
      "name": "Keybind",
      "value": -1
    },
    "enabled": false,
    "hidden": false,
    "properties": []
  },
  {
    "name": "Auto Armor",
    "keybind": {
      "name": "Keybind",
      "value": -1
    },
    "enabled": false,
    "hidden": false,
    "properties": [
      {
        "name": "Delay",
        "value": 50.0
      },
      {
        "name": "Silent",
        "value": true
      }
    ]
  },
  {
    "name": "Scoreboard",
    "keybind": {
      "name": "Keybind",
      "value": -1
    },
    "enabled": true,
    "hidden": false,
    "properties": [
      {
        "name": "Scale Factor",
        "value": 0.6
      },
      {
        "name": "Module List Offset",
        "value": true
      },
      {
        "name": "Text Shadow",
        "value": false
      },
      {
        "name": "Hide Numbers",
        "value": true
      }
    ]
  },
  {
    "name": "Fast Place",
    "keybind": {
      "name": "Keybind",
      "value": -1
    },
    "enabled": false,
    "hidden": false,
    "properties": [
      {
        "name": "Ticks",
        "value": 0.0
      },
      {
        "name": "Randomize",
        "value": false
      },
      {
        "name": "Projectiles",
        "value": false
      },
      {
        "name": "Blocks",
        "value": true
      }
    ]
  },
  {
    "name": "Target HUD",
    "keybind": {
      "name": "Keybind",
      "value": -1
    },
    "enabled": true,
    "hidden": false,
    "properties": [
      {
        "name": "Mode",
        "value": "TENACITY_OLD"
      },
      {
        "name": "Animations",
        "value": {
          "fade": {
            "name": "Fade",
            "value": true
          },
          "scale": {
            "name": "Scale",
            "value": true
          }
        }
      },
      {
        "name": "Tracking Mode",
        "value": "MIDDLE"
      },
      {
        "name": "Follow Target",
        "value": false
      },
      {
        "name": "Position",
        "value": {
          "x": 0.6489584,
          "y": 0.52406263
        }
      }
    ]
  },
  {
    "name": "Cape",
    "keybind": {
      "name": "Keybind",
      "value": -1
    },
    "enabled": true,
    "hidden": false,
    "properties": [
      {
        "name": "Type",
        "value": "OPAL"
      }
    ]
  },
  {
    "name": "Discord RPC",
    "keybind": {
      "name": "Keybind",
      "value": -1
    },
    "enabled": false,
    "hidden": false,
    "properties": []
  },
  {
    "name": "Kill Effect",
    "keybind": {
      "name": "Keybind",
      "value": -1
    },
    "enabled": true,
    "hidden": false,
    "properties": [
      {
        "name": "Mode",
        "value": "BLOOD_EXPLOSION"
      }
    ]
  },
  {
    "name": "Target Strafe",
    "keybind": {
      "name": "Keybind",
      "value": -1
    },
    "enabled": true,
    "hidden": false,
    "properties": [
      {
        "name": "Range",
        "value": 1.3
      },
      {
        "name": "Hold Jump",
        "value": true
      },
      {
        "name": "Render Circle",
        "value": true
      },
      {
        "name": "Circle Color",
        "value": -1177639
      },
      {
        "name": "Auto 3rd Person",
        "value": false
      },
      {
        "name": "Only With",
        "value": {
          "flight": {
            "name": "Flight",
            "value": true
          },
          "speed": {
            "name": "Speed",
            "value": true
          }
        }
      }
    ]
  },
  {
    "name": "Fast Use",
    "keybind": {
      "name": "Keybind",
      "value": -1
    },
    "enabled": false,
    "hidden": false,
    "properties": []
  },
  {
    "name": "Bed Defender",
    "keybind": {
      "name": "Keybind",
      "value": -1
    },
    "enabled": false,
    "hidden": false,
    "properties": []
  },
  {
    "name": "Auto Tool",
    "keybind": {
      "name": "Keybind",
      "value": -1
    },
    "enabled": true,
    "hidden": false,
    "properties": [
      {
        "name": "Switch Mode",
        "value": "SERVER"
      }
    ]
  },
  {
    "name": "Auto Hypixel",
    "keybind": {
      "name": "Keybind",
      "value": -1
    },
    "enabled": false,
    "hidden": false,
    "properties": [
      {
        "name": "Auto GG",
        "value": true
      },
      {
        "name": "Auto GG Text",
        "value": "gg"
      },
      {
        "name": "Auto Play",
        "value": true
      },
      {
        "name": "Auto /l on ban",
        "value": false
      },
      {
        "name": "Auto Play Delay",
        "value": 2.5
      }
    ]
  },
  {
    "name": "Anti Fireball",
    "keybind": {
      "name": "Keybind",
      "value": -1
    },
    "enabled": true,
    "hidden": false,
    "properties": [
      {
        "name": "Attack Range",
        "value": 7.0
      },
      {
        "name": "Rotate Range",
        "value": 7.0
      }
    ]
  },
  {
    "name": "Streamer",
    "keybind": {
      "name": "Keybind",
      "value": -1
    },
    "enabled": false,
    "hidden": false,
    "properties": [
      {
        "name": "Hide Scoreboard IP",
        "value": true
      },
      {
        "name": "Hide Server ID",
        "value": true
      },
      {
        "name": "Hide Username",
        "value": true
      },
      {
        "name": "Hide Other Names",
        "value": false
      }
    ]
  },
  {
    "name": "Ambience",
    "keybind": {
      "name": "Keybind",
      "value": -1
    },
    "enabled": true,
    "hidden": false,
    "properties": [
      {
        "name": "Time",
        "value": 22394.0
      }
    ]
  },
  {
    "name": "Blink",
    "keybind": {
      "name": "Keybind",
      "value": -1
    },
    "enabled": false,
    "hidden": false,
    "properties": [
      {
        "name": "Pulse",
        "value": false
      },
      {
        "name": "Delay",
        "value": 500.0
      }
    ]
  },
  {
    "name": "Anti Bot",
    "keybind": {
      "name": "Keybind",
      "value": -1
    },
    "enabled": true,
    "hidden": false,
    "properties": [
      {
        "name": "Mode",
        "value": "HYPIXEL"
      }
    ]
  },
  {
    "name": "Post Processing",
    "keybind": {
      "name": "Keybind",
      "value": -1
    },
    "enabled": false,
    "hidden": false,
    "properties": [
      {
        "name": "Blur",
        "value": true
      }
    ]
  },
  {
    "name": "Timer",
    "keybind": {
      "name": "Keybind",
      "value": -1
    },
    "enabled": false,
    "hidden": false,
    "properties": [
      {
        "name": "Speed",
        "value": 2.0
      },
      {
        "name": "Watchdog",
        "value": false
      }
    ]
  },
  {
    "name": "Safe Walk",
    "keybind": {
      "name": "Keybind",
      "value": -1
    },
    "enabled": false,
    "hidden": false,
    "properties": [
      {
        "name": "Holding Blocks",
        "value": true
      }
    ]
  },
  {
    "name": "Auto Head",
    "keybind": {
      "name": "Keybind",
      "value": -1
    },
    "enabled": false,
    "hidden": false,
    "properties": [
      {
        "name": "Heal Delay",
        "value": 750.0
      },
      {
        "name": "Health %",
        "value": 50.0
      }
    ]
  },
  {
    "name": "Notifications",
    "keybind": {
      "name": "Keybind",
      "value": -1
    },
    "enabled": true,
    "hidden": false,
    "properties": [
      {
        "name": "Module Toggle",
        "value": false
      }
    ]
  },
  {
    "name": "Auto Clicker",
    "keybind": {
      "name": "Keybind",
      "value": -1
    },
    "enabled": false,
    "hidden": false,
    "properties": [
      {
        "name": "Min CPS",
        "value": 10.0
      },
      {
        "name": "Max CPS",
        "value": 14.0
      },
      {
        "name": "Warmup Delay",
        "value": 0.0
      },
      {
        "name": "Break Start Delay",
        "value": 0.0
      },
      {
        "name": "Remove Click Delay",
        "value": true
      },
      {
        "name": "Jitter",
        "value": false
      },
      {
        "name": "Jitter Intensity",
        "value": 0.5
      },
      {
        "name": "Blockhit",
        "value": true
      },
      {
        "name": "Inventory Fill",
        "value": true
      },
      {
        "name": "Break Blocks",
        "value": false
      },
      {
        "name": "Sneak Disable",
        "value": false
      },
      {
        "name": "Weapons Only",
        "value": true
      }
    ]
  },
  {
    "name": "Anti AFK",
    "keybind": {
      "name": "Keybind",
      "value": -1
    },
    "enabled": false,
    "hidden": false,
    "properties": [
      {
        "name": "Interval",
        "value": 10.0
      }
    ]
  },
  {
    "name": "Reach",
    "keybind": {
      "name": "Keybind",
      "value": -1
    },
    "enabled": false,
    "hidden": false,
    "properties": [
      {
        "name": "Min Range",
        "value": 3.1
      },
      {
        "name": "Max Range",
        "value": 3.2
      },
      {
        "name": "Block Range",
        "value": 3.0
      },
      {
        "name": "Only while moving",
        "value": false
      },
      {
        "name": "Disable in liquid",
        "value": false
      },
      {
        "name": "Block reach",
        "value": false
      }
    ]
  },
  {
    "name": "No Jump Delay",
    "keybind": {
      "name": "Keybind",
      "value": -1
    },
    "enabled": true,
    "hidden": false,
    "properties": []
  },
  {
    "name": "Auto Chest",
    "keybind": {
      "name": "Keybind",
      "value": -1
    },
    "enabled": false,
    "hidden": false,
    "properties": [
      {
        "name": "Delay",
        "value": 10.0
      },
      {
        "name": "Auto Deposit",
        "value": true
      }
    ]
  },
  {
    "name": "Nuker",
    "keybind": {
      "name": "Keybind",
      "value": -1
    },
    "enabled": false,
    "hidden": false,
    "properties": [
      {
        "name": "Range",
        "value": 4.0
      }
    ]
  },
  {
    "name": "Overlay",
    "keybind": {
      "name": "Keybind",
      "value": -1
    },
    "enabled": false,
    "hidden": false,
    "properties": [
      {
        "name": "API Key",
        "value": ""
      }
    ]
  },
  {
    "name": "Auto Potion",
    "keybind": {
      "name": "Keybind",
      "value": -1
    },
    "enabled": false,
    "hidden": false,
    "properties": [
      {
        "name": "Splash Health",
        "value": true
      },
      {
        "name": "Splash Speed",
        "value": true
      },
      {
        "name": "Delay",
        "value": 750.0
      },
      {
        "name": "Heal HP",
        "value": 12.0
      },
      {
        "name": "Ignore Frog Potion",
        "value": true
      }
    ]
  },
  {
    "name": "Stats Viewer",
    "keybind": {
      "name": "Keybind",
      "value": -1
    },
    "enabled": false,
    "hidden": false,
    "properties": [
      {
        "name": "Position",
        "value": {
          "x": 0.007275001,
          "y": 0.07
        }
      },
      {
        "name": "Opacity",
        "value": 0.85
      },
      {
        "name": "Outline Mode",
        "value": "CUSTOM"
      },
      {
        "name": "Outline Color",
        "value": -11645362
      }
    ]
  },
  {
    "name": "Movement Fix",
    "keybind": {
      "name": "Keybind",
      "value": -1
    },
    "enabled": false,
    "hidden": false,
    "properties": []
  },
  {
    "name": "Anti Debuff",
    "keybind": {
      "name": "Keybind",
      "value": -1
    },
    "enabled": false,
    "hidden": false,
    "properties": [
      {
        "name": "Effects",
        "value": {
          "blindness": {
            "name": "Blindness",
            "value": true
          },
          "slowness": {
            "name": "Slowness",
            "value": true
          }
        }
      }
    ]
  },
  {
    "name": "Super Knockback",
    "keybind": {
      "name": "Keybind",
      "value": -1
    },
    "enabled": false,
    "hidden": false,
    "properties": [
      {
        "name": "Mode",
        "value": "VANILLA"
      }
    ]
  },
  {
    "name": "No Rotate",
    "keybind": {
      "name": "Keybind",
      "value": -1
    },
    "enabled": true,
    "hidden": false,
    "properties": [
      {
        "name": "Large Teleport Check",
        "value": true
      }
    ]
  },
  {
    "name": "Fast Break",
    "keybind": {
      "name": "Keybind",
      "value": -1
    },
    "enabled": false,
    "hidden": false,
    "properties": [
      {
        "name": "When To Finish",
        "value": 80.0
      }
    ]
  },
  {
    "name": "Bread Crumbs",
    "keybind": {
      "name": "Keybind",
      "value": -1
    },
    "enabled": false,
    "hidden": false,
    "properties": [
      {
        "name": "Through Walls",
        "value": true
      },
      {
        "name": "Limit",
        "value": 50.0
      }
    ]
  },
  {
    "name": "Derp",
    "keybind": {
      "name": "Keybind",
      "value": -1
    },
    "enabled": false,
    "hidden": false,
    "properties": [
      {
        "name": "Yaw Step",
        "value": 360.0
      },
      {
        "name": "Pitch Step",
        "value": 180.0
      }
    ]
  },
  {
    "name": "High Jump",
    "keybind": {
      "name": "Keybind",
      "value": 90
    },
    "enabled": false,
    "hidden": false,
    "properties": [
      {
        "name": "Mode",
        "value": "FIREBALL"
      },
      {
        "name": "Motion",
        "value": 19.999999552965164
      }
    ]
  },
  {
    "name": "Event Timers",
    "keybind": {
      "name": "Keybind",
      "value": -1
    },
    "enabled": true,
    "hidden": false,
    "properties": [
      {
        "name": "Limit Timers",
        "value": true
      },
      {
        "name": "Limit Amount",
        "value": 3.0
      },
      {
        "name": "Position",
        "value": {
          "x": 0.0046709697,
          "y": 0.059367158
        }
      },
      {
        "name": "Opacity",
        "value": 0.85
      },
      {
        "name": "Outline Mode",
        "value": "CUSTOM"
      },
      {
        "name": "Outline Color",
        "value": -10790053
      }
    ]
  }
]